{
  "total_signals": 45,
  "valid_signals": 45,
  "data_coverage_pct": 100.0,
  "overall_winrate_pct": 37.77777777777778,
  "target1_hit_rate_pct": 37.77777777777778,
  "target2_hit_rate_pct": 0.0,
  "target3_hit_rate_pct": 0.0,
  "stop_loss_rate_pct": 53.333333333333336,
  "total_wins": 17,
  "total_losses": 24,
  "target1_only_wins": 17,
  "target2_wins": 0,
  "target3_wins": 0,
  "target1_hits": 17,
  "target2_hits": 0,
  "target3_hits": 0,
  "avg_target_time_min": 1058.456862745098,
  "median_target_time_min": 641.9833333333333,
  "avg_target1_time_min": 1058.456862745098,
  "avg_target2_time_min": 0,
  "avg_target3_time_min": 0,
  "avg_sl_time_min": 1419.7874999999997,
  "median_sl_time_min": 1008.95,
  "fastest_target_min": 23.65,
  "slowest_target_min": 4049.05,
  "avg_max_profit_pct": 3.5645818676057988,
  "median_max_profit_pct": 2.8486394557823203,
  "best_profit_pct": 22.778633795582948,
  "avg_max_drawdown_pct": 3.3245788741312006,
  "median_max_drawdown_pct": 3.4045840994802967,
  "worst_drawdown_pct": 7.851671309192206,
  "profit_factor": 1.097718839775535,
  "sharpe_estimate": 0.9240584113698606,
  "symbol_performance": {
    "ADAUSDT": {
      "total": 9,
      "wins": 4,
      "losses": 4,
      "profits": [
        1.2208454810495497,
        4.738025246411913,
        5.128619964407046,
        0.39630118890357197,
        2.00198544010589,
        2.054317548746524,
        22.778633795582948,
        1.4645649745562768,
        0.43000477783085717
      ],
      "drawdowns": [
        2.241253644314885,
        0.6147872512538466,
        3.243798620284751,
        4.81469225678357,
        7.851671309192206,
        1.9734392453766945,
        2.4844720496894457
      ],
      "target_times": [
        957.3,
        418.55,
        23.65,
        298.8333333333333
      ],
      "winrate_pct": 44.44444444444444,
      "avg_profit_pct": 4.46814426862162,
      "avg_drawdown_pct": 3.3177306252707717,
      "avg_target_time_min": 424.5833333333333
    },
    "DOGEUSDT": {
      "total": 6,
      "wins": 1,
      "losses": 2,
      "profits": [
        7.287566566334794,
        7.742435996896811,
        3.4205330700888408,
        3.2077152890612646,
        4.784957195271102,
        0.9657131263948034
      ],
      "drawdowns": [
        1.765454966427412,
        2.0325833979829415,
        3.474827245804536,
        5.325226689029825,
        4.897064818589486,
        5.640089267599929
      ],
      "target_times": [
        2489.9
      ],
      "winrate_pct": 16.666666666666664,
      "avg_profit_pct": 4.5681535406746026,
      "avg_drawdown_pct": 3.8558743975723555,
      "avg_target_time_min": 2489.9
    },
    "SOLUSDT": {
      "total": 12,
      "wins": 7,
      "losses": 5,
      "profits": [
        4.9311667795080165,
        6.456285566476988,
        0.2294249731523962,
        0.9832789988432036,
        5.748809959721704,
        4.028559516364389,
        7.2530157275919995,
        0.6623463261221701,
        5.58462563029208,
        4.866278807558739
      ],
      "drawdowns": [
        0.8519521552696856,
        4.345576823590262,
        3.4901884213609318,
        4.2380902303081305,
        6.306357078449051,
        0.39232097086362927,
        4.576734025122882,
        0.23452157598499954,
        0.9925179416704782,
        5.584675497951028,
        0.10940919037198639,
        3.6034817119920666
      ],
      "target_times": [
        639.7833333333333,
        2705.5333333333333,
        1305.0,
        811.8666666666667,
        1501.9,
        200.58333333333334,
        4049.05
      ],
      "winrate_pct": 58.333333333333336,
      "avg_profit_pct": 4.074379228563169,
      "avg_drawdown_pct": 2.893818801911261,
      "avg_target_time_min": 1601.959523809524
    },
    "NEARUSDT": {
      "total": 8,
      "wins": 3,
      "losses": 5,
      "profits": [
        5.61299852289513,
        0.13550135501355529,
        2.8486394557823203,
        3.372755146736748,
        4.36893203883496,
        6.121773659827931,
        1.4731673097158826,
        0.4227642276422731
      ],
      "drawdowns": [
        1.9694731659281157,
        6.007226738934056,
        3.358843537414955,
        1.3140604467805432,
        4.810238305383936,
        1.819986763732618,
        4.945633111189057,
        4.780487804878057
      ],
      "target_times": [
        641.9833333333333,
        1091.85,
        369.75
      ],
      "winrate_pct": 37.5,
      "avg_profit_pct": 3.0445664645561,
      "avg_drawdown_pct": 3.625743734280167,
      "avg_target_time_min": 701.1944444444443
    },
    "BTCUSDT": {
      "total": 4,
      "wins": 1,
      "losses": 3,
      "profits": [
        1.6645668329883005,
        0.9892434309273459,
        1.5127418225543752,
        5.018422589413627
      ],
      "drawdowns": [
        2.5442121368536528,
        1.8843690514819549,
        3.6814392152087647,
        0.37372858925397867
      ],
      "target_times": [
        283.51666666666665
      ],
      "winrate_pct": 25.0,
      "avg_profit_pct": 2.296243668970912,
      "avg_drawdown_pct": 2.1209372481995876,
      "avg_target_time_min": 283.51666666666665
    },
    "LINKUSDT": {
      "total": 4,
      "wins": 1,
      "losses": 3,
      "profits": [
        0.45325181827763533,
        2.726730633707379,
        0.7087382761108586,
        1.6979208228044627
      ],
      "drawdowns": [
        2.8143775693053596,
        3.450324661545639,
        2.956953495588944
      ],
      "target_times": [
        204.71666666666667
      ],
      "winrate_pct": 25.0,
      "avg_profit_pct": 1.3966603877250838,
      "avg_drawdown_pct": 3.073885242146648,
      "avg_target_time_min": 204.71666666666667
    },
    "AGLDUSDT": {
      "total": 2,
      "wins": 0,
      "losses": 2,
      "profits": [
        3.8154392191659383,
        1.9674211973767664
      ],
      "drawdowns": [
        6.610470275066548,
        5.225301459699598
      ],
      "target_times": [],
      "winrate_pct": 0.0,
      "avg_profit_pct": 2.8914302082713523,
      "avg_drawdown_pct": 5.917885867383073,
      "avg_target_time_min": 0
    }
  },
  "timeframe_performance": {
    "Unknown": {
      "total": 45,
      "wins": 17,
      "losses": 24,
      "winrate_pct": 37.77777777777778
    }
  },
  "strategy_performance": {
    "Unknown": {
      "total": 45,
      "wins": 17,
      "losses": 24,
      "winrate_pct": 37.77777777777778
    }
  },
  "action_performance": {
    "SHORT": {
      "total": 27,
      "wins": 14,
      "losses": 10,
      "winrate_pct": 51.85185185185185
    },
    "LONG": {
      "total": 18,
      "wins": 3,
      "losses": 14,
      "winrate_pct": 16.666666666666664
    }
  }
}