{
  "total_signals": 100,
  "valid_signals": 100,
  "data_coverage_pct": 100.0,
  "overall_winrate_pct": 51.0,
  "target1_hit_rate_pct": 51.0,
  "target2_hit_rate_pct": 0.0,
  "target3_hit_rate_pct": 0.0,
  "stop_loss_rate_pct": 49.0,
  "total_wins": 51,
  "total_losses": 49,
  "target1_only_wins": 51,
  "target2_wins": 0,
  "target3_wins": 0,
  "target1_hits": 51,
  "target2_hits": 0,
  "target3_hits": 0,
  "avg_target_time_min": 318.3223552287581,
  "median_target_time_min": 148.96933333333334,
  "avg_target1_time_min": 318.3223552287581,
  "avg_target2_time_min": 0,
  "avg_target3_time_min": 0,
  "avg_sl_time_min": 284.82072857142856,
  "median_sl_time_min": 90.90058333333333,
  "fastest_target_min": 2.9767333333333337,
  "slowest_target_min": 3602.8394,
  "avg_max_profit_pct": 0.9964829173442012,
  "median_max_profit_pct": 0.7690267833465902,
  "best_profit_pct": 3.9859211460681028,
  "avg_max_drawdown_pct": 0.7502995099488287,
  "median_max_drawdown_pct": 0.5821550849632144,
  "worst_drawdown_pct": 3.00300300300301,
  "profit_factor": 1.4387896381937428,
  "sharpe_estimate": 1.1282662233277707,
  "symbol_performance": {
    "ETH": {
      "total": 8,
      "wins": 5,
      "losses": 3,
      "profits": [
        3.104372263250768,
        3.0205691003482906,
        1.319991974891552,
        0.6797006086147683,
        0.020113080206506484,
        1.5006790345866694,
        0.8973707707766032,
        1.6997255489021996
      ],
      "drawdowns": [
        0.8284425854519326,
        0.2810015114674392,
        1.9691494538083596,
        0.1130911029613629,
        0.04715399915077374,
        1.1789249836855318,
        0.9982970095846286,
        1.7144282862845746
      ],
      "target_times": [
        403.5269666666666,
        522.0243166666667,
        154.2005166666667,
        203.84793333333334,
        1583.0237833333333
      ],
      "winrate_pct": 62.5,
      "avg_profit_pct": 1.5303152976971697,
      "avg_drawdown_pct": 0.8913111165493254,
      "avg_target_time_min": 573.3247033333333
    },
    "BTC": {
      "total": 8,
      "wins": 4,
      "losses": 4,
      "profits": [
        2.0831748367185865,
        0.5853805467337468,
        0.12884640740499176,
        1.2397740631055953,
        0.7741400885822741,
        0.45555840766836886,
        0.21103128567639046,
        0.06411111322803642
      ],
      "drawdowns": [
        0.29079344003445473,
        1.4954058254187004,
        0.1689937200199997,
        0.008704371992886316,
        0.4898249921717082,
        0.5554622183501665
      ],
      "target_times": [
        479.5423166666667,
        15.191650000000001,
        523.0195833333333,
        79.10655
      ],
      "winrate_pct": 50.0,
      "avg_profit_pct": 0.6927520936397488,
      "avg_drawdown_pct": 0.5015307613313192,
      "avg_target_time_min": 274.215025
    },
    "ADA": {
      "total": 3,
      "wins": 2,
      "losses": 1,
      "profits": [
        1.963209151337136,
        0.7746219107340431,
        0.6567745074191146
      ],
      "drawdowns": [
        0.8038336682640257,
        0.23361613180868224,
        0.23108732668450654
      ],
      "target_times": [
        305.0044833333333,
        54.84498333333333
      ],
      "winrate_pct": 66.66666666666666,
      "avg_profit_pct": 1.131535189830098,
      "avg_drawdown_pct": 0.42284570891907153,
      "avg_target_time_min": 179.92473333333334
    },
    "XRP": {
      "total": 1,
      "wins": 1,
      "losses": 0,
      "profits": [
        2.9975368429841622
      ],
      "drawdowns": [
        0.21709180478438253
      ],
      "target_times": [
        259.7398
      ],
      "winrate_pct": 100.0,
      "avg_profit_pct": 2.9975368429841622,
      "avg_drawdown_pct": 0.21709180478438253,
      "avg_target_time_min": 259.7398
    },
    "XLM": {
      "total": 1,
      "wins": 1,
      "losses": 0,
      "profits": [
        3.9859211460681028
      ],
      "drawdowns": [
        0.9231529222884289
      ],
      "target_times": [
        287.75068333333337
      ],
      "winrate_pct": 100.0,
      "avg_profit_pct": 3.9859211460681028,
      "avg_drawdown_pct": 0.9231529222884289,
      "avg_target_time_min": 287.75068333333337
    },
    "AAVE": {
      "total": 3,
      "wins": 3,
      "losses": 0,
      "profits": [
        2.056781225279075,
        0.8915605687075702,
        1.8643490115882848
      ],
      "drawdowns": [
        0.10131370098950099,
        0.41240627130196994
      ],
      "target_times": [
        39.761700000000005,
        248.87785,
        85.67768333333333
      ],
      "winrate_pct": 100.0,
      "avg_profit_pct": 1.6042302685249765,
      "avg_drawdown_pct": 0.25685998614573546,
      "avg_target_time_min": 124.77241111111111
    },
    "ZEC": {
      "total": 5,
      "wins": 1,
      "losses": 4,
      "profits": [
        0.30821390044691455,
        1.9083674573128322,
        0.49514755397108334
      ],
      "drawdowns": [
        1.3330994562357446,
        0.5779010633379565,
        1.0275824770146122,
        1.4021984216459842,
        0.6535947712418407
      ],
      "target_times": [
        40.30946666666667
      ],
      "winrate_pct": 20.0,
      "avg_profit_pct": 0.9039096372436101,
      "avg_drawdown_pct": 0.9988752378952277,
      "avg_target_time_min": 40.30946666666667
    },
    "IMX": {
      "total": 3,
      "wins": 2,
      "losses": 1,
      "profits": [
        0.6445941986522226,
        1.075585678503033,
        2.2840119165839132
      ],
      "drawdowns": [
        0.5273952534427098,
        0.2504788566376785,
        1.4044545325578126
      ],
      "target_times": [
        212.2985666666667,
        101.89251666666668
      ],
      "winrate_pct": 66.66666666666666,
      "avg_profit_pct": 1.3347305979130564,
      "avg_drawdown_pct": 0.7274428808794003,
      "avg_target_time_min": 157.0955416666667
    },
    "BNB": {
      "total": 3,
      "wins": 3,
      "losses": 0,
      "profits": [
        0.9009807634965842,
        1.3610132812831546,
        0.9429762434740313
      ],
      "drawdowns": [
        0.34733694907604706,
        0.4128050507912138
      ],
      "target_times": [
        145.32011666666668,
        55.7798,
        39.85465
      ],
      "winrate_pct": 100.0,
      "avg_profit_pct": 1.0683234294179234,
      "avg_drawdown_pct": 0.38007099993363047,
      "avg_target_time_min": 80.31818888888888
    },
    "APT": {
      "total": 1,
      "wins": 1,
      "losses": 0,
      "profits": [
        1.0560165151455072
      ],
      "drawdowns": [],
      "target_times": [
        72.31
      ],
      "winrate_pct": 100.0,
      "avg_profit_pct": 1.0560165151455072,
      "avg_drawdown_pct": 0,
      "avg_target_time_min": 72.31
    },
    "BCH": {
      "total": 5,
      "wins": 2,
      "losses": 3,
      "profits": [
        0.6830955469087844,
        2.306883770676205,
        0.2796713861213114,
        0.524067027171371
      ],
      "drawdowns": [
        0.38910505836575876,
        1.196776632429145,
        0.8952814265795837,
        0.5768222338752085,
        1.528806996461708
      ],
      "target_times": [
        297.07189999999997,
        3602.8394
      ],
      "winrate_pct": 40.0,
      "avg_profit_pct": 0.9484294327194179,
      "avg_drawdown_pct": 0.9173584695422807,
      "avg_target_time_min": 1949.9556499999999
    },
    "DASH": {
      "total": 5,
      "wins": 2,
      "losses": 3,
      "profits": [
        1.7247326664367024,
        3.2258064516129163,
        0.9642301710731019,
        0.14836795252226082,
        0.23752969121140477
      ],
      "drawdowns": [
        0.5864091065884725,
        0.09216589861749319,
        0.3461918892185969,
        1.425178147268412
      ],
      "target_times": [
        61.806216666666664,
        60.184783333333336
      ],
      "winrate_pct": 40.0,
      "avg_profit_pct": 1.2601333865712774,
      "avg_drawdown_pct": 0.6124862604232436,